"","step","type","response","RT","count","first"
"1",1,"Uniform",0.1,0.259834143666667,30,"Gaussian"
"2",2,"Uniform",0.0666666666666667,0.255665946333333,30,"Gaussian"
"3",3,"Uniform",0.866666666666667,0.248318013333333,30,"Gaussian"
"4",4,"Uniform",0.966666666666667,0.157127412053333,30,"Gaussian"
"5",5,"Uniform",0.966666666666667,0.175836767333333,30,"Gaussian"
"6",6,"Uniform",1,0.12563732944,30,"Gaussian"
"7",7,"Uniform",0.966666666666667,0.181709210666667,30,"Gaussian"
