"","step","type","response","RT","count","first"
"1",1,"Gaussian",0.0192307692307692,0.574792230769231,52,"Uniform"
"2",2,"Gaussian",0,0.508015620588235,34,"Uniform"
"3",3,"Gaussian",0.0714285714285714,0.50146715,14,"Uniform"
"4",4,"Gaussian",0.8,0.55268744,10,"Uniform"
"5",5,"Gaussian",1,0.350018428571429,14,"Uniform"
"6",6,"Gaussian",0.970588235294118,0.468285075588235,34,"Uniform"
"7",7,"Gaussian",0.980769230769231,0.536820534615385,52,"Uniform"
