"","step","type","response","RT","count","first"
"1",1,"Gaussian",0.0384615384615385,0.395601311476923,52,"Uniform"
"2",2,"Gaussian",0.0588235294117647,0.490074696291176,34,"Uniform"
"3",3,"Gaussian",0.142857142857143,0.37389125,14,"Uniform"
"4",4,"Gaussian",0.9,0.38042252,10,"Uniform"
"5",5,"Gaussian",1,0.34910067435,14,"Uniform"
"6",6,"Gaussian",0.941176470588235,0.360093992582353,34,"Uniform"
"7",7,"Gaussian",0.942307692307692,0.313560608278846,52,"Uniform"
