"","step","type","response","RT","count","first"
"1",1,"Gaussian",0.115384615384615,0.451892886732692,52,"Gaussian"
"2",2,"Gaussian",0.0294117647058824,0.433899574591176,34,"Gaussian"
"3",3,"Gaussian",0.142857142857143,0.507845014057143,14,"Gaussian"
"4",4,"Gaussian",0.8,0.53521861157,10,"Gaussian"
"5",5,"Gaussian",0.714285714285714,0.301157121028571,14,"Gaussian"
"6",6,"Gaussian",0.823529411764706,0.416646107226471,34,"Gaussian"
"7",7,"Gaussian",0.961538461538462,0.393802691419231,52,"Gaussian"
