"","step","type","response","RT","count","first"
"1",1,"Gaussian",0.0576923076923077,0.843079192275,52,"Gaussian"
"2",2,"Gaussian",0.0294117647058824,0.641706351764706,34,"Gaussian"
"3",3,"Gaussian",0.214285714285714,0.703398983571429,14,"Gaussian"
"4",4,"Gaussian",0.8,0.654795147,10,"Gaussian"
"5",5,"Gaussian",0.857142857142857,0.644266986428571,14,"Gaussian"
"6",6,"Gaussian",0.970588235294118,0.657628926764706,34,"Gaussian"
"7",7,"Gaussian",0.980769230769231,0.742679494969231,52,"Gaussian"
