"","step","type","response","RT","count","first"
"1",1,"Gaussian",0.0769230769230769,0.246182376461538,52,"Gaussian"
"2",2,"Gaussian",0.117647058823529,0.262865472285294,34,"Gaussian"
"3",3,"Gaussian",0,0.344042778571429,14,"Gaussian"
"4",4,"Gaussian",0.5,0.35512883,10,"Gaussian"
"5",5,"Gaussian",1,0.201484719285714,14,"Gaussian"
"6",6,"Gaussian",0.852941176470588,0.190566445923529,34,"Gaussian"
"7",7,"Gaussian",0.942307692307692,0.225183718382692,52,"Gaussian"
