"","step","type","response","RT","count","first"
"1",1,"Uniform",0.2,0.49461349968,30,"Gaussian"
"2",2,"Uniform",0.241379310344828,0.49369343299,30,"Gaussian"
"3",3,"Uniform",0.3,0.654814207693333,30,"Gaussian"
"4",4,"Uniform",0.866666666666667,0.655914531333333,30,"Gaussian"
"5",5,"Uniform",0.766666666666667,0.468488604293333,30,"Gaussian"
"6",6,"Uniform",0.862068965517241,0.755958879686667,30,"Gaussian"
"7",7,"Uniform",0.833333333333333,0.82502232751,30,"Gaussian"
