"","step","type","response","RT","count","first"
"1",1,"Gaussian",0.0192307692307692,0.545387395384615,52,"Gaussian"
"2",2,"Gaussian",0,0.536247120588235,34,"Gaussian"
"3",3,"Gaussian",0,0.54808086,14,"Gaussian"
"4",4,"Gaussian",0.1,1.1165113,10,"Gaussian"
"5",5,"Gaussian",0.642857142857143,0.5465007,14,"Gaussian"
"6",6,"Gaussian",0.735294117647059,0.546151457352941,34,"Gaussian"
"7",7,"Gaussian",1,0.642695660769231,52,"Gaussian"
