"","step","type","response","RT","count","first"
"1",1,"Gaussian",0.288461538461538,0.375319887442308,52,"Gaussian"
"2",2,"Gaussian",0.147058823529412,0.449722192214706,34,"Gaussian"
"3",3,"Gaussian",0.285714285714286,0.439166483342857,14,"Gaussian"
"4",4,"Gaussian",0.6,0.474414602,10,"Gaussian"
"5",5,"Gaussian",0.714285714285714,0.355950947857143,14,"Gaussian"
"6",6,"Gaussian",0.823529411764706,0.281679702997059,34,"Gaussian"
"7",7,"Gaussian",0.769230769230769,0.385994075821154,52,"Gaussian"
