"","step","type","response","RT","count","first"
"1",1,"Uniform",0.1,0.408298526666667,30,"Gaussian"
"2",2,"Uniform",0.1,0.410613089666667,30,"Gaussian"
"3",3,"Uniform",0.1,0.422911871333333,30,"Gaussian"
"4",4,"Uniform",0.733333333333333,0.419835683333333,30,"Gaussian"
"5",5,"Uniform",0.966666666666667,0.301908762666667,30,"Gaussian"
"6",6,"Uniform",0.9,0.295319140333333,30,"Gaussian"
"7",7,"Uniform",0.933333333333333,0.351128490666667,30,"Gaussian"
