"","step","type","response","RT","count","first"
"1",1,"Uniform",0.482758620689655,0.0975468387966667,30,"Gaussian"
"2",2,"Uniform",0.344827586206897,0.17300262112,30,"Gaussian"
"3",3,"Uniform",0.433333333333333,0.179838611333333,30,"Gaussian"
"4",4,"Uniform",0.366666666666667,0.118269302766667,30,"Gaussian"
"5",5,"Uniform",0.379310344827586,0.0728307214066667,30,"Gaussian"
"6",6,"Uniform",0.533333333333333,0.16354869029,30,"Gaussian"
"7",7,"Uniform",0.433333333333333,0.108426656846667,30,"Gaussian"
