"","step","type","response","RT","count","first"
"1",1,"Uniform",0.133333333333333,1.63683438746667,30,"Gaussian"
"2",2,"Uniform",0.133333333333333,0.714018946626667,30,"Gaussian"
"3",3,"Uniform",0.2,0.50363694546,30,"Gaussian"
"4",4,"Uniform",0.733333333333333,0.560699703616667,30,"Gaussian"
"5",5,"Uniform",0.833333333333333,0.520242390893333,30,"Gaussian"
"6",6,"Uniform",0.9,0.504153637356667,30,"Gaussian"
"7",7,"Uniform",0.933333333333333,0.461077522583333,30,"Gaussian"
