"","step","type","response","RT","count","first"
"1",1,"Uniform",0.1,0.71379415,30,"Gaussian"
"2",2,"Uniform",0,0.604698196666667,30,"Gaussian"
"3",3,"Uniform",0.166666666666667,0.730423967666667,30,"Gaussian"
"4",4,"Uniform",0.866666666666667,0.669138576666667,30,"Gaussian"
"5",5,"Uniform",0.966666666666667,0.525484134333333,30,"Gaussian"
"6",6,"Uniform",1,0.532252864876667,30,"Gaussian"
"7",7,"Uniform",0.966666666666667,0.500379105333333,30,"Gaussian"
