"","step","type","response","RT","count","first"
"1",1,"Uniform",0.0666666666666667,0.43699259671,30,"Gaussian"
"2",2,"Uniform",0.266666666666667,0.30396634429,30,"Gaussian"
"3",3,"Uniform",0.233333333333333,0.85219929483,30,"Gaussian"
"4",4,"Uniform",0.633333333333333,0.571131313053333,30,"Gaussian"
"5",5,"Uniform",0.866666666666667,0.431501453,30,"Gaussian"
"6",6,"Uniform",0.833333333333333,0.447452156773333,30,"Gaussian"
"7",7,"Uniform",0.933333333333333,0.53568101375,30,"Gaussian"
