"","step","type","response","RT","count","first"
"1",1,"Gaussian",0.0384615384615385,0.567138634615385,52,"Uniform"
"2",2,"Gaussian",0,0.552709308823529,34,"Uniform"
"3",3,"Gaussian",0,0.634726192857143,14,"Uniform"
"4",4,"Gaussian",0.3,1.54684742,10,"Uniform"
"5",5,"Gaussian",0.357142857142857,0.6579636,14,"Uniform"
"6",6,"Gaussian",0.794117647058823,0.528746432352941,34,"Uniform"
"7",7,"Gaussian",0.942307692307692,0.614248029615385,52,"Uniform"
