"","step","type","response","RT","count","first"
"1",1,"Gaussian",0,0.440846627884615,52,"Gaussian"
"2",2,"Gaussian",0.0294117647058824,0.823952919488235,34,"Gaussian"
"3",3,"Gaussian",0,0.703262371428571,14,"Gaussian"
"4",4,"Gaussian",0.5,0.64226709,10,"Gaussian"
"5",5,"Gaussian",0.785714285714286,0.444472435714286,14,"Gaussian"
"6",6,"Gaussian",0.941176470588235,0.445598526470588,34,"Gaussian"
"7",7,"Gaussian",0.961538461538462,0.400745862123077,52,"Gaussian"
