"","step","type","response","RT","count","first"
"1",1,"Gaussian",0.25,0.830237521346154,52,"Gaussian"
"2",2,"Gaussian",0.294117647058824,0.640636818502941,34,"Gaussian"
"3",3,"Gaussian",0.357142857142857,0.722505617142857,14,"Gaussian"
"4",4,"Gaussian",0.8,0.61142089,10,"Gaussian"
"5",5,"Gaussian",0.714285714285714,1.02168392285714,14,"Gaussian"
"6",6,"Gaussian",0.5,0.496478399976471,34,"Gaussian"
"7",7,"Gaussian",0.673076923076923,0.691627693076923,52,"Gaussian"
