"","step","type","response","RT","count","first"
"1",1,"Gaussian",0.0384615384615385,0.217760192884615,52,"Gaussian"
"2",2,"Gaussian",0.0294117647058824,0.234598745588235,34,"Gaussian"
"3",3,"Gaussian",0.0714285714285714,0.210549197857143,14,"Gaussian"
"4",4,"Gaussian",0.4,0.38171553,10,"Gaussian"
"5",5,"Gaussian",0.928571428571429,0.366798228571429,14,"Gaussian"
"6",6,"Gaussian",0.911764705882353,0.313733221764706,34,"Gaussian"
"7",7,"Gaussian",0.980769230769231,0.437320811538462,52,"Gaussian"
