"","step","type","response","RT","count","first"
"1",1,"Gaussian",0.0384615384615385,0.727777440384615,52,"Gaussian"
"2",2,"Gaussian",0.147058823529412,0.945360947058824,34,"Gaussian"
"3",3,"Gaussian",0.142857142857143,0.603791,14,"Gaussian"
"4",4,"Gaussian",0.9,0.7516991,10,"Gaussian"
"5",5,"Gaussian",0.928571428571429,0.668149007142857,14,"Gaussian"
"6",6,"Gaussian",0.882352941176471,0.790805290588235,34,"Gaussian"
"7",7,"Gaussian",0.903846153846154,0.757692907692308,52,"Gaussian"
