"","step","type","response","RT","count","first"
"1",1,"Gaussian",0.0384615384615385,0.308090178461538,52,"Gaussian"
"2",2,"Gaussian",0.0294117647058824,0.32688411,34,"Gaussian"
"3",3,"Gaussian",0,0.303024722142857,14,"Gaussian"
"4",4,"Gaussian",0.2,0.5122556,10,"Gaussian"
"5",5,"Gaussian",0.785714285714286,0.322452327857143,14,"Gaussian"
"6",6,"Gaussian",0.823529411764706,0.388938836,34,"Gaussian"
"7",7,"Gaussian",0.942307692307692,0.424338040576923,52,"Gaussian"
