"","step","type","response","RT","count","first"
"1",1,"Gaussian",0.0384615384615385,0.571513353846154,52,"Gaussian"
"2",2,"Gaussian",0,0.607479882352941,34,"Gaussian"
"3",3,"Gaussian",0.285714285714286,0.468668264285714,14,"Gaussian"
"4",4,"Gaussian",0.8,0.91114164,10,"Gaussian"
"5",5,"Gaussian",0.928571428571429,0.800231057142857,14,"Gaussian"
"6",6,"Gaussian",0.911764705882353,0.550159108823529,34,"Gaussian"
"7",7,"Gaussian",0.961538461538462,0.462320225,52,"Gaussian"
