"","step","type","response","RT","count","first"
"1",1,"Gaussian",0.0384615384615385,0.331876364230769,52,"Gaussian"
"2",2,"Gaussian",0.0588235294117647,0.358559984705882,34,"Gaussian"
"3",3,"Gaussian",0,0.338627021428571,14,"Gaussian"
"4",4,"Gaussian",0.6,0.52300241,10,"Gaussian"
"5",5,"Gaussian",0.857142857142857,0.291758918571429,14,"Gaussian"
"6",6,"Gaussian",0.882352941176471,0.333241941176471,34,"Gaussian"
"7",7,"Gaussian",0.980769230769231,0.284736567457692,52,"Gaussian"
