"","step","type","response","RT","count","first"
"1",1,"Gaussian",0.0192307692307692,0.364764440769231,52,"Gaussian"
"2",2,"Gaussian",0.117647058823529,0.4976289,34,"Gaussian"
"3",3,"Gaussian",0.214285714285714,0.470989945,14,"Gaussian"
"4",4,"Gaussian",0.4,0.59827986,10,"Gaussian"
"5",5,"Gaussian",0.785714285714286,0.508473807142857,14,"Gaussian"
"6",6,"Gaussian",1,0.410177690882353,34,"Gaussian"
"7",7,"Gaussian",1,0.425419935,52,"Gaussian"
