"","step","type","response","RT","count","first"
"1",1,"Uniform",0.166666666666667,0.289258135393333,30,"Gaussian"
"2",2,"Uniform",0.2,0.36732579563,30,"Gaussian"
"3",3,"Uniform",0.3,0.386193285916667,30,"Gaussian"
"4",4,"Uniform",0.433333333333333,0.242471424,30,"Gaussian"
"5",5,"Uniform",0.466666666666667,0.264857508336667,30,"Gaussian"
"6",6,"Uniform",0.666666666666667,0.445919862926667,30,"Gaussian"
"7",7,"Uniform",0.833333333333333,0.419689086093333,30,"Gaussian"
