"","step","type","response","RT","count","first"
"1",1,"Uniform",0.0666666666666667,0.424959885,30,"Gaussian"
"2",2,"Uniform",0.0333333333333333,0.496598994666667,30,"Gaussian"
"3",3,"Uniform",0.0333333333333333,0.576075497,30,"Gaussian"
"4",4,"Uniform",0.733333333333333,0.576245486666667,30,"Gaussian"
"5",5,"Uniform",0.9,0.390720542483333,30,"Gaussian"
"6",6,"Uniform",0.933333333333333,0.32676644414,30,"Gaussian"
"7",7,"Uniform",0.933333333333333,0.344453708666667,30,"Gaussian"
