"","step","type","response","RT","count","first"
"1",1,"Uniform",0.266666666666667,0.53099421183,30,"Gaussian"
"2",2,"Uniform",0.266666666666667,0.63168058957,30,"Gaussian"
"3",3,"Uniform",0.241379310344828,0.769082564596667,30,"Gaussian"
"4",4,"Uniform",0.666666666666667,0.646488166333333,30,"Gaussian"
"5",5,"Uniform",0.6,0.628330235143333,30,"Gaussian"
"6",6,"Uniform",0.666666666666667,0.769577755616667,30,"Gaussian"
"7",7,"Uniform",0.466666666666667,0.685558195926667,30,"Gaussian"
