"","step","type","response","RT","count","first"
"1",1,"Uniform",0.166666666666667,0.577438678216667,30,"Gaussian"
"2",2,"Uniform",0.1,0.5112925857,30,"Gaussian"
"3",3,"Uniform",0.166666666666667,0.62991624722,30,"Gaussian"
"4",4,"Uniform",0.333333333333333,0.66051952849,30,"Gaussian"
"5",5,"Uniform",0.733333333333333,0.79055941162,30,"Gaussian"
"6",6,"Uniform",0.766666666666667,0.698782398753333,30,"Gaussian"
"7",7,"Uniform",0.8,0.563924170316667,30,"Gaussian"
