"","step","type","response","RT","count","first"
"1",1,"Uniform",0.0666666666666667,0.590407143333333,30,"Uniform"
"2",2,"Uniform",0.1,1.22372651166667,30,"Uniform"
"3",3,"Uniform",0.4,0.71062314,30,"Uniform"
"4",4,"Uniform",0.833333333333333,0.565752545,30,"Uniform"
"5",5,"Uniform",0.966666666666667,1.38584679333333,30,"Uniform"
"6",6,"Uniform",0.933333333333333,0.741669761666667,30,"Uniform"
"7",7,"Uniform",0.866666666666667,0.736738466666667,30,"Uniform"
