"","step","type","response","RT","count","first"
"1",1,"Gaussian",0.0384615384615385,0.428443206103846,52,"Gaussian"
"2",2,"Gaussian",0.147058823529412,0.528282589326471,34,"Gaussian"
"3",3,"Gaussian",0.5,0.691745814285714,14,"Gaussian"
"4",4,"Gaussian",0.8,0.672937537,10,"Gaussian"
"5",5,"Gaussian",0.928571428571429,0.357731185,14,"Gaussian"
"6",6,"Gaussian",0.970588235294118,0.394635575279412,34,"Gaussian"
"7",7,"Gaussian",0.942307692307692,0.471162825505769,52,"Gaussian"
