"","step","type","response","RT","count","first"
"1",1,"Uniform",0.1,0.48728555,30,"Uniform"
"2",2,"Uniform",0.0666666666666667,1.37004894333333,30,"Uniform"
"3",3,"Uniform",0,0.49104585,30,"Uniform"
"4",4,"Uniform",0.1,0.495345256666667,30,"Uniform"
"5",5,"Uniform",0.333333333333333,0.537037603333333,30,"Uniform"
"6",6,"Uniform",0.4,0.570931723333333,30,"Uniform"
"7",7,"Uniform",0.766666666666667,0.514294503333333,30,"Uniform"
