"","step","type","response","RT","count","first"
"1",1,"Gaussian",0.0576923076923077,0.523846578738462,52,"Uniform"
"2",2,"Gaussian",0.0588235294117647,0.472040410276471,34,"Uniform"
"3",3,"Gaussian",0.142857142857143,0.348756679285714,14,"Uniform"
"4",4,"Gaussian",0.6,0.424222285,10,"Uniform"
"5",5,"Gaussian",0.928571428571429,0.471161220714286,14,"Uniform"
"6",6,"Gaussian",0.939393939393939,0.372018588411765,34,"Uniform"
"7",7,"Gaussian",0.903846153846154,0.394725315025,52,"Uniform"
