"","step","type","response","RT","count","first"
"1",1,"Gaussian",0,0.375069263461538,52,"Gaussian"
"2",2,"Gaussian",0.0294117647058824,0.366414838235294,34,"Gaussian"
"3",3,"Gaussian",0,0.401506642857143,14,"Gaussian"
"4",4,"Gaussian",0.6,0.57163699,10,"Gaussian"
"5",5,"Gaussian",0.928571428571429,0.540442857142857,14,"Gaussian"
"6",6,"Gaussian",0.970588235294118,0.439052614705882,34,"Gaussian"
"7",7,"Gaussian",0.980769230769231,0.378242507692308,52,"Gaussian"
