"","step","type","response","RT","count","first"
"1",1,"Gaussian",0.0576923076923077,0.354243716875,52,"Gaussian"
"2",2,"Gaussian",0.264705882352941,0.292178473461765,34,"Gaussian"
"3",3,"Gaussian",0.0714285714285714,0.329970954814286,14,"Gaussian"
"4",4,"Gaussian",0.7,0.41830296,10,"Gaussian"
"5",5,"Gaussian",0.785714285714286,0.552790076221429,14,"Gaussian"
"6",6,"Gaussian",0.941176470588235,0.419544909129412,34,"Gaussian"
"7",7,"Gaussian",0.942307692307692,0.239344187513462,52,"Gaussian"
