"","step","type","response","RT","count","first"
"1",1,"Gaussian",0.0769230769230769,0.472221102263462,52,"Gaussian"
"2",2,"Gaussian",0,0.423625229411765,34,"Gaussian"
"3",3,"Gaussian",0.0714285714285714,0.432709628571429,14,"Gaussian"
"4",4,"Gaussian",0.4,0.51745625322,10,"Gaussian"
"5",5,"Gaussian",0.785714285714286,0.534170557142857,14,"Gaussian"
"6",6,"Gaussian",0.882352941176471,0.899248509,34,"Gaussian"
"7",7,"Gaussian",0.961538461538462,0.452564672884615,52,"Gaussian"
