"","step","type","response","RT","count","first"
"1",1,"Uniform",0.166666666666667,1.1406088,30,"Gaussian"
"2",2,"Uniform",0.1,1.06816178666667,30,"Gaussian"
"3",3,"Uniform",0.133333333333333,1.01462255666667,30,"Gaussian"
"4",4,"Uniform",0.633333333333333,0.942667406666667,30,"Gaussian"
"5",5,"Uniform",0.9,1.04518146333333,30,"Gaussian"
"6",6,"Uniform",0.966666666666667,0.747537743333333,30,"Gaussian"
"7",7,"Uniform",0.966666666666667,0.846913336666667,30,"Gaussian"
