"","step","type","response","RT","count","first"
"1",1,"Gaussian",0.0384615384615385,0.398474950438462,52,"Gaussian"
"2",2,"Gaussian",0.0294117647058824,0.417051773529412,34,"Gaussian"
"3",3,"Gaussian",0.285714285714286,0.420641435714286,14,"Gaussian"
"4",4,"Gaussian",0.8,0.27272242803,10,"Gaussian"
"5",5,"Gaussian",1,0.49180773,14,"Gaussian"
"6",6,"Gaussian",1,0.425497814705882,34,"Gaussian"
"7",7,"Gaussian",0.961538461538462,0.416007050263462,52,"Gaussian"
