"","step","type","response","RT","count","first"
"1",1,"Gaussian",0.0192307692307692,0.448206610384615,52,"Uniform"
"2",2,"Gaussian",0,0.434267680294118,34,"Uniform"
"3",3,"Gaussian",0.0714285714285714,0.478139507142857,14,"Uniform"
"4",4,"Gaussian",0.6,0.71664827,10,"Uniform"
"5",5,"Gaussian",1,0.688794264285714,14,"Uniform"
"6",6,"Gaussian",1,0.99626328,34,"Uniform"
"7",7,"Gaussian",0.980769230769231,0.432720977032692,52,"Uniform"
