"","step","type","response","RT","count","first"
"1",1,"Uniform",0.0666666666666667,0.2546529273,30,"Gaussian"
"2",2,"Uniform",0,0.32318501441,30,"Gaussian"
"3",3,"Uniform",0.4,0.32001949616,30,"Gaussian"
"4",4,"Uniform",0.733333333333333,0.269028175283333,30,"Gaussian"
"5",5,"Uniform",1,0.230982147626667,30,"Gaussian"
"6",6,"Uniform",0.966666666666667,0.223355196433333,30,"Gaussian"
"7",7,"Uniform",0.966666666666667,0.191483140796667,30,"Gaussian"
