"","step","type","response","RT","count","first"
"1",1,"Uniform",0.0666666666666667,0.580851106666667,30,"Gaussian"
"2",2,"Uniform",0.0333333333333333,0.75752742,30,"Gaussian"
"3",3,"Uniform",0.0333333333333333,0.617645696666667,30,"Gaussian"
"4",4,"Uniform",0.466666666666667,0.624871573333333,30,"Gaussian"
"5",5,"Uniform",0.866666666666667,0.637726043333333,30,"Gaussian"
"6",6,"Uniform",0.766666666666667,0.707400866666667,30,"Gaussian"
"7",7,"Uniform",0.933333333333333,0.62274557,30,"Gaussian"
