"","step","type","response","RT","count","first"
"1",1,"Uniform",0.2,0.40494955221,30,"Gaussian"
"2",2,"Uniform",0.2,0.532949491666667,30,"Gaussian"
"3",3,"Uniform",0.266666666666667,0.49626243895,30,"Gaussian"
"4",4,"Uniform",0.8,0.48992816,30,"Gaussian"
"5",5,"Uniform",0.733333333333333,0.549320268666667,30,"Gaussian"
"6",6,"Uniform",0.8,0.605512169833333,30,"Gaussian"
"7",7,"Uniform",0.966666666666667,0.706252838,30,"Gaussian"
