"","step","type","response","RT","count","first"
"1",1,"Gaussian",0.0769230769230769,0.393759689332692,52,"Gaussian"
"2",2,"Gaussian",0.0588235294117647,0.35788704275,34,"Gaussian"
"3",3,"Gaussian",0.0714285714285714,0.402825063235714,14,"Gaussian"
"4",4,"Gaussian",0.5,0.85266442,10,"Gaussian"
"5",5,"Gaussian",1,0.311287039728571,14,"Gaussian"
"6",6,"Gaussian",0.852941176470588,0.446060775911765,34,"Gaussian"
"7",7,"Gaussian",0.826923076923077,0.409273725673077,52,"Gaussian"
