"","step","type","response","RT","count","first"
"1",1,"Gaussian",0.0192307692307692,0.416588086153846,52,"Gaussian"
"2",2,"Gaussian",0,0.476495744117647,34,"Gaussian"
"3",3,"Gaussian",0.0714285714285714,0.437565714285714,14,"Gaussian"
"4",4,"Gaussian",1,0.41377518,10,"Gaussian"
"5",5,"Gaussian",0.928571428571429,0.4615894,14,"Gaussian"
"6",6,"Gaussian",1,0.435363435294118,34,"Gaussian"
"7",7,"Gaussian",0.980769230769231,0.511647884615385,52,"Gaussian"
