"","step","type","response","RT","count","first"
"1",1,"Uniform",0.0666666666666667,0.52248612,30,"Gaussian"
"2",2,"Uniform",0.1,0.59364725596,30,"Gaussian"
"3",3,"Uniform",0.133333333333333,0.51006184,30,"Gaussian"
"4",4,"Uniform",0.7,1.19278518333333,30,"Gaussian"
"5",5,"Uniform",0.933333333333333,0.431456984753333,30,"Gaussian"
"6",6,"Uniform",0.933333333333333,0.483740297966667,30,"Gaussian"
"7",7,"Uniform",0.96551724137931,0.377450750333333,30,"Gaussian"
