"","step","type","response","RT","count","first"
"1",1,"Gaussian",0.0384615384615385,0.678198171153846,52,"Gaussian"
"2",2,"Gaussian",0.0294117647058824,0.688169435294118,34,"Gaussian"
"3",3,"Gaussian",0,0.6956105,14,"Gaussian"
"4",4,"Gaussian",0.2,0.95093083,10,"Gaussian"
"5",5,"Gaussian",0.785714285714286,0.681565942857143,14,"Gaussian"
"6",6,"Gaussian",0.735294117647059,0.673445432352941,34,"Gaussian"
"7",7,"Gaussian",0.961538461538462,0.666951888461539,52,"Gaussian"
