SubjectID,block,width,p
846,1.000000,0.100000,-1.147128
846,2.000000,0.100000,-5.946886
846,1.000000,0.100000,-2.308292
846,2.000000,0.100000,-7.099785
846,1.000000,0.100000,-1.997523
846,2.000000,0.100000,-13.126932
846,1.000000,0.100000,-1.888234
846,2.000000,0.100000,-6.531466
846,1.000000,0.100000,-6.469537
846,2.000000,0.100000,-9.092608
846,1.000000,0.100000,-14.495068
846,2.000000,0.100000,-3.175957
846,1.000000,0.100000,-5.443012
846,2.000000,0.100000,-3.119218
846,1.000000,0.100000,-0.696213
846,2.000000,0.100000,-10.950393
846,1.000000,0.100000,-2.562611
846,2.000000,0.100000,-6.917828
846,1.000000,0.100000,-6.886070
846,2.000000,0.100000,-4.394974
