SubjectID,width,type,threshold,slope,lapse,guess,eta,deviance,residuals,loglikelihood
1381,0.100000,U,3.209883,1.329174,0.099987,0.099985,0.000043,10.405678,0.063243,103.548890
