SubjectID,width,type,threshold,slope,lapse,guess,eta,deviance,residuals,loglikelihood
1663,0.100000,U,7.248438,0.147222,0.098966,0.099902,0.039907,12.818966,0.102879,138.516577
