SubjectID,width,type,threshold,slope,lapse,guess,eta,deviance,residuals,loglikelihood
1663,0.100000,G,4.604854,0.147224,0.089302,0.099324,0.046227,13.557528,0.161676,141.224812
