SubjectID,width,type,threshold,slope,lapse,guess,eta,deviance,residuals,loglikelihood
1665,0.100000,U,3.969729,0.305653,0.100000,0.005694,0.000000,14.305681,0.113699,130.483748
